{"epoch":0,"_wandb":{"runtime":5},"_runtime":5,"gradients/classifier.bias":{"_type":"histogram","values":[1],"bins":[-0.21681198477745056,-0.21681198477745056]},"gradients/classifier.weight":{"values":[1,0,0,0,0,0,0,0,0,0,0,0,0,1,0,0,0,0,0,0,0,3,0,1,14,22,44,75,109,93,103,110,80,57,24,8,8,3,4,0,0,0,0,0,0,0,0,1,1,0,0,2,0,0,0,0,0,2,0,0,0,0,0,2],"bins":[-0.6978739500045776,-0.6748331189155579,-0.6517922282218933,-0.6287513971328735,-0.605710506439209,-0.5826696753501892,-0.5596288442611694,-0.5365879535675049,-0.5135471224784851,-0.49050626158714294,-0.4674654006958008,-0.4444245398044586,-0.42138367891311646,-0.3983428180217743,-0.3753019869327545,-0.35226112604141235,-0.3292202651500702,-0.306179404258728,-0.28313854336738586,-0.2600977122783661,-0.23705685138702393,-0.21401599049568176,-0.1909751296043396,-0.16793428361415863,-0.14489342272281647,-0.1218525692820549,-0.09881171584129333,-0.07577085494995117,-0.052730001509189606,-0.02968914620578289,-0.006648290902376175,0.01639256440103054,0.039433419704437256,0.06247427314519882,0.08551512658596039,0.10855598747730255,0.13159683346748352,0.15463769435882568,0.17767855525016785,0.20071940124034882,0.22376026213169098,0.24680112302303314,0.2698419690132141,0.2928828299045563,0.31592369079589844,0.3389645516872406,0.3620053827762604,0.38504624366760254,0.4080871045589447,0.43112796545028687,0.45416882634162903,0.4772096574306488,0.500250518321991,0.5232914090156555,0.5463322401046753,0.5693730711936951,0.5924139618873596,0.6154547929763794,0.638495683670044,0.6615365147590637,0.6845773458480835,0.707618236541748,0.7306590676307678,0.7536999583244324,0.7767407894134521],"_type":"histogram"},"train/acc":0.75,"_step":0,"_timestamp":1.7684911469389782e+09,"train/loss":0.6932864785194397}