{"_runtime":58,"_step":9,"_timestamp":1.7684876402682083e+09,"epoch":9,"gradients/classifier.weight":{"bins":[-0.07678624987602234,-0.07446057349443436,-0.07213489711284637,-0.0698092132806778,-0.06748353689908981,-0.06515786051750183,-0.06283217668533325,-0.06050650030374527,-0.05818082392215729,-0.055855147540569305,-0.053529467433691025,-0.051203787326812744,-0.04887811094522476,-0.04655243456363678,-0.0442267544567585,-0.04190107434988022,-0.039575397968292236,-0.037249721586704254,-0.034924041479825974,-0.03259836137294769,-0.03027268499135971,-0.02794700674712658,-0.025621328502893448,-0.023295650258660316,-0.020969972014427185,-0.018644293770194054,-0.016318615525960922,-0.01399293728172779,-0.01166725903749466,-0.009341580793261528,-0.007015902549028397,-0.004690224304795265,-0.002364538609981537,-3.8860365748405457e-05,0.002286817878484726,0.004612496122717857,0.006938174366950989,0.00926385261118412,0.011589530855417252,0.013915209099650383,0.016240887343883514,0.018566565588116646,0.020892243832349777,0.02321792207658291,0.02554360032081604,0.02786927856504917,0.030194956809282303,0.032520636916160583,0.034846313297748566,0.03717198967933655,0.03949766978621483,0.04182334989309311,0.04414902627468109,0.046474702656269073,0.048800382763147354,0.051126062870025635,0.05345173925161362,0.0557774156332016,0.05810309574007988,0.06042877584695816,0.06275445222854614,0.06508012861013412,0.0674058049917221,0.06973148882389069,0.07205716520547867],"_type":"histogram","values":[1,0,0,0,0,1,3,0,1,2,2,1,2,3,6,4,3,7,13,9,9,11,20,24,23,25,23,18,32,29,35,38,45,44,31,27,35,30,26,22,20,14,18,19,14,14,15,9,11,5,4,6,2,2,3,1,2,1,0,0,0,0,1,2]},"gradients/classifier.bias":{"bins":[0.008276008069515228,0.008276008069515228],"_type":"histogram","values":[1]},"train/acc":1,"train/loss":0.5520810484886169,"_wandb":{"runtime":58}}