{"_timestamp":1.7684959728575857e+09,"train/loss":0.2900736629962921,"_step":9,"val/acc":0.9294104609929078,"_wandb":{"runtime":1121},"train/acc":0.9284205008231873,"gradients/classifier.bias":{"values":[1],"bins":[-0.053633399307727814,-0.053633399307727814],"_type":"histogram"},"val/loss":0.2790437936782837,"_runtime":1121,"epoch":9,"gradients/classifier.weight":{"_type":"histogram","values":[1,0,0,0,0,0,0,0,0,0,0,0,0,0,1,2,0,3,7,13,63,118,138,147,152,79,21,10,2,1,1,0,0,1,1,0,0,1,0,0,0,0,0,2,1,0,1,0,1,0,0,0,0,0,0,0,0,0,0,0,0,0,0,1],"bins":[-0.16927075386047363,-0.16201353073120117,-0.1547563225030899,-0.14749909937381744,-0.14024187624454498,-0.13298466801643372,-0.12572744488716125,-0.11847022920846939,-0.11121301352977753,-0.10395579040050507,-0.0966985747218132,-0.08944135904312134,-0.08218413591384888,-0.07492692023515701,-0.06766970455646515,-0.060412485152482986,-0.053155265748500824,-0.04589804634451866,-0.0386408306658268,-0.031383611261844635,-0.024126393720507622,-0.01686917617917061,-0.00961195770651102,-0.00235473969951272,0.0049024783074855804,0.012159695848822594,0.019416913390159607,0.02667413279414177,0.03393135219812393,0.041188567876815796,0.04844578728079796,0.05570300295948982,0.06296022236347198,0.07021743804216385,0.07747466117143631,0.08473187685012817,0.09198909252882004,0.0992463156580925,0.10650353133678436,0.11376074701547623,0.12101796269416809,0.12827518582344055,0.135532408952713,0.14278961718082428,0.15004684031009674,0.1573040634393692,0.16456127166748047,0.17181849479675293,0.1790757179260254,0.18633292615413666,0.19359014928340912,0.20084735751152039,0.20810458064079285,0.2153618037700653,0.22261901199817657,0.22987623512744904,0.2371334582567215,0.24439066648483276,0.2516478896141052,0.2589051127433777,0.26616233587265015,0.2734195590019226,0.2806767523288727,0.28793397545814514,0.2951911985874176]}}