{"gradients/classifier.bias":{"values":[1],"bins":[0.15535211563110352,0.15535211563110352],"_type":"histogram"},"_wandb":{"runtime":76},"epoch":9,"_step":9,"_timestamp":1.7684878579767375e+09,"train/loss":0.5713820457458496,"gradients/classifier.weight":{"_type":"histogram","values":[1,0,0,0,0,0,0,0,0,0,0,0,0,1,0,0,1,0,0,0,1,0,1,0,0,0,2,0,1,1,0,0,1,1,3,8,27,70,140,197,167,87,39,12,5,0,0,0,0,0,0,1,0,0,0,0,0,0,0,0,0,0,0,1],"bins":[-0.9115810394287109,-0.8885239958763123,-0.8654670119285583,-0.8424099683761597,-0.8193529844284058,-0.7962959408760071,-0.7732388973236084,-0.7501819133758545,-0.7271248698234558,-0.7040678262710571,-0.6810108423233032,-0.6579537987709045,-0.6348967552185059,-0.611839771270752,-0.5887827277183533,-0.5657257437705994,-0.5426687002182007,-0.519611656665802,-0.4965546727180481,-0.4734976291656494,-0.4504406154155731,-0.4273836016654968,-0.40432655811309814,-0.38126954436302185,-0.35821253061294556,-0.33515551686286926,-0.31209850311279297,-0.2890414595603943,-0.265984445810318,-0.2429274320602417,-0.2198704034090042,-0.19681337475776672,-0.17375636100769043,-0.15069934725761414,-0.12764231860637665,-0.10458529740571976,-0.08152827620506287,-0.058471255004405975,-0.035414233803749084,-0.012357212603092194,0.010699808597564697,0.03375682979822159,0.05681385099887848,0.07987087219953537,0.10292789340019226,0.12598490715026855,0.14904193580150604,0.17209896445274353,0.19515597820281982,0.21821299195289612,0.2412700206041336,0.2643270492553711,0.2873840630054474,0.3104410767555237,0.33349812030792236,0.35655513405799866,0.37961214780807495,0.40266916155815125,0.42572617530822754,0.4487832188606262,0.4718402326107025,0.4948972463607788,0.5179542899131775,0.5410112738609314,0.5640683174133301]},"train/acc":1,"_runtime":76}