{"_timestamp":1.7684943263949409e+09,"train/acc":1,"_wandb":{"runtime":543},"gradients/classifier.weight":{"_type":"histogram","values":[1,0,0,0,0,0,0,0,0,0,0,0,0,1,0,0,0,0,2,0,1,9,18,33,69,125,134,126,117,68,34,15,5,0,2,0,0,2,0,0,0,0,0,0,2,1,0,1,0,0,0,0,0,0,0,0,1,0,0,0,0,0,0,1],"bins":[-0.16796931624412537,-0.1617564857006073,-0.15554365515708923,-0.14933082461357117,-0.1431179940700531,-0.13690516352653503,-0.13069233298301697,-0.1244794949889183,-0.11826666444540024,-0.11205383390188217,-0.1058410033583641,-0.09962817281484604,-0.09341533482074738,-0.08720250427722931,-0.08098967373371124,-0.07477684319019318,-0.06856401264667511,-0.06235118210315704,-0.05613835155963898,-0.04992551729083061,-0.043712686747312546,-0.03749985620379448,-0.031287021934986115,-0.025074191391468048,-0.01886136084794998,-0.01264852937310934,-0.0064356978982687,-0.00022286642342805862,0.005989965051412582,0.012202796526253223,0.018415628001093864,0.02462846040725708,0.030841276049613953,0.03705410659313202,0.043266937136650085,0.04947977140545845,0.05569260194897652,0.06190543249249458,0.06811826676130295,0.07433109730482101,0.08054392784833908,0.08675675839185715,0.09296958893537521,0.09918241947889328,0.10539525747299194,0.11160808801651001,0.11782091856002808,0.12403374910354614,0.1302465796470642,0.13645941019058228,0.14267224073410034,0.1488850712776184,0.15509790182113647,0.16131073236465454,0.1675235629081726,0.17373639345169067,0.17994922399520874,0.186162069439888,0.19237489998340607,0.19858773052692413,0.2048005610704422,0.21101339161396027,0.21722622215747833,0.2234390527009964,0.22965188324451447]},"_runtime":543.090002967,"train/loss":0.22429870069026947,"epoch":3,"gradients/classifier.bias":{"_type":"histogram","values":[1],"bins":[-0.04735630378127098,-0.04735630378127098]},"_step":4}