{"gradients/classifier.weight":{"bins":[-0.495555579662323,-0.481888085603714,-0.468220591545105,-0.45455309748649597,-0.44088560342788696,-0.42721810936927795,-0.41355061531066895,-0.39988312125205994,-0.3862156271934509,-0.3725481629371643,-0.3588806688785553,-0.3452131748199463,-0.3315456807613373,-0.31787818670272827,-0.30421069264411926,-0.29054319858551025,-0.27687570452690125,-0.26320821046829224,-0.24954071640968323,-0.23587322235107422,-0.2222057282924652,-0.2085382491350174,-0.1948707550764084,-0.18120326101779938,-0.16753576695919037,-0.15386827290058136,-0.14020077884197235,-0.12653328478336334,-0.11286579817533493,-0.09919830411672592,-0.08553081750869751,-0.0718633234500885,-0.05819582939147949,-0.04452833533287048,-0.030860844999551773,-0.017193352803587914,-0.003525860607624054,0.010141631588339806,0.023809123784303665,0.037476614117622375,0.051144108176231384,0.0648116022348404,0.0784790962934494,0.09214658290147781,0.10581407696008682,0.11948157101869583,0.13314905762672424,0.14681655168533325,0.16048404574394226,0.17415153980255127,0.18781903386116028,0.2014865279197693,0.2151540219783783,0.2288215011358261,0.24248899519443512,0.2561565041542053,0.26982396841049194,0.28349146246910095,0.29715895652770996,0.31082645058631897,0.324493944644928,0.338161438703537,0.351828932762146,0.365496426820755,0.379163920879364],"_type":"histogram","values":[1,0,0,1,0,0,0,0,0,0,0,0,0,1,0,1,0,0,0,0,0,0,1,1,0,1,0,0,4,8,21,29,51,59,89,94,92,87,84,55,42,16,14,10,2,1,1,0,0,0,0,1,0,0,0,0,0,0,0,0,0,0,0,1]},"_step":0,"gradients/classifier.bias":{"bins":[0.11085931211709976,0.11085931211709976],"_type":"histogram","values":[1]},"_wandb":{"runtime":4},"_runtime":4.6812211999999995,"_timestamp":1.7684880894380703e+09}